mean_fit_time,std_fit_time,mean_score_time,std_score_time,param_colsample_bytree,param_gamma,param_learning_rate,param_max_depth,param_min_child_weight,param_n_estimators,param_reg_alpha,param_reg_lambda,param_subsample,params,split0_test_score,split1_test_score,split2_test_score,split3_test_score,split4_test_score,mean_test_score,std_test_score,rank_test_score
4.130095815658569,0.2140669422545637,0.14282565116882323,0.07823068931806532,0.749816047538945,0.4753571532049581,0.08960785365368121,7,5,202,0.006071989493441302,0.15847101210439093,0.7836995567863468,"{'colsample_bytree': np.float64(0.749816047538945), 'gamma': np.float64(0.4753571532049581), 'learning_rate': np.float64(0.08960785365368121), 'max_depth': 7, 'min_child_weight': 5, 'n_estimators': 202, 'reg_alpha': np.float64(0.006071989493441302), 'reg_lambda': np.float64(0.15847101210439093), 'subsample': np.float64(0.7836995567863468)}",0.3333333333333333,0.34024896265560167,0.38461538461538464,0.29838709677419356,0.3686274509803922,0.34504244567178105,0.029863262862513198,10
7.461498498916626,1.3668769884657674,0.08589529991149902,0.006553045052085298,0.7334834444556088,0.07143340896097039,0.07027897634919636,7,2,443,0.21368329072358744,0.26587543983272705,0.6727299868828402,"{'colsample_bytree': np.float64(0.7334834444556088), 'gamma': np.float64(0.07143340896097039), 'learning_rate': np.float64(0.07027897634919636), 'max_depth': 7, 'min_child_weight': 2, 'n_estimators': 443, 'reg_alpha': np.float64(0.21368329072358744), 'reg_lambda': np.float64(0.26587543983272705), 'subsample': np.float64(0.6727299868828402)}",0.321285140562249,0.32786885245901637,0.368,0.3187250996015936,0.3709677419354839,0.3413693669116685,0.02316746556396217,18
2.2206302165985106,0.3534518366706255,0.0637627124786377,0.019482723626312468,0.6733618039413735,0.15212112147976886,0.048164145309070844,6,1,148,0.012563152773938664,0.6305535040199283,0.6186662652854461,"{'colsample_bytree': np.float64(0.6733618039413735), 'gamma': np.float64(0.15212112147976886), 'learning_rate': np.float64(0.048164145309070844), 'max_depth': 6, 'min_child_weight': 1, 'n_estimators': 148, 'reg_alpha': np.float64(0.012563152773938664), 'reg_lambda': np.float64(0.6305535040199283), 'subsample': np.float64(0.6186662652854461)}",0.3346938775510204,0.3220338983050847,0.37398373983739835,0.2833333333333333,0.3709677419354839,0.3370025181924642,0.033558957029838916,25
6.105045413970947,0.48296771437604075,0.139267635345459,0.09492879262253212,0.9895022075365837,0.11638567021515211,0.013118424770919554,8,3,463,0.011400863701127324,1.5304852121831465,0.6185801650879991,"{'colsample_bytree': np.float64(0.9895022075365837), 'gamma': np.float64(0.11638567021515211), 'learning_rate': np.float64(0.013118424770919554), 'max_depth': 8, 'min_child_weight': 3, 'n_estimators': 463, 'reg_alpha': np.float64(0.011400863701127324), 'reg_lambda': np.float64(1.5304852121831465), 'subsample': np.float64(0.6185801650879991)}",0.3292181069958848,0.3291139240506329,0.37551020408163266,0.2869198312236287,0.3724696356275304,0.3386463403958619,0.03273637134362957,21
4.734810066223145,0.40053514962639003,0.07926626205444336,0.02414029378109737,0.8430179407605753,0.08526206184364576,0.012151617026673379,6,1,415,0.01791236257104366,0.589974179671049,0.6063865008880857,"{'colsample_bytree': np.float64(0.8430179407605753), 'gamma': np.float64(0.08526206184364576), 'learning_rate': np.float64(0.012151617026673379), 'max_depth': 6, 'min_child_weight': 1, 'n_estimators': 415, 'reg_alpha': np.float64(0.01791236257104366), 'reg_lambda': np.float64(0.589974179671049), 'subsample': np.float64(0.6063865008880857)}",0.3025210084033613,0.3220338983050847,0.37551020408163266,0.2869198312236287,0.37398373983739835,0.33219373637022115,0.03648599826373989,28
3.9966330528259277,0.7138770309572547,0.08353123664855958,0.0191935724772484,0.6923575302488596,0.12051273301300586,0.0774366101159884,6,5,363,0.00013726318898045882,6.586289317583113,0.7035119926400067,"{'colsample_bytree': np.float64(0.6923575302488596), 'gamma': np.float64(0.12051273301300586), 'learning_rate': np.float64(0.0774366101159884), 'max_depth': 6, 'min_child_weight': 5, 'n_estimators': 363, 'reg_alpha': np.float64(0.00013726318898045882), 'reg_lambda': np.float64(6.586289317583113), 'subsample': np.float64(0.7035119926400067)}",0.3293172690763052,0.33884297520661155,0.3709677419354839,0.3132530120481928,0.3937007874015748,0.34921635713363364,0.02915108994501978,2
3.751801872253418,0.0814832102840696,0.08394823074340821,0.019425495478353243,0.8650089137415928,0.15585553804470548,0.04749239763680407,4,4,409,0.0001334299028518796,4.836927180682223,0.7799016533479063,"{'colsample_bytree': np.float64(0.8650089137415928), 'gamma': np.float64(0.15585553804470548), 'learning_rate': np.float64(0.04749239763680407), 'max_depth': 4, 'min_child_weight': 4, 'n_estimators': 409, 'reg_alpha': np.float64(0.0001334299028518796), 'reg_lambda': np.float64(4.836927180682223), 'subsample': np.float64(0.7799016533479063)}",0.32653061224489793,0.33613445378151263,0.37751004016064255,0.2962962962962963,0.37751004016064255,0.3427962885287984,0.031245129698915537,16
3.637602186203003,0.23526950493840537,0.08100943565368653,0.021504000824808578,0.7580600944007257,0.4633294328968971,0.08834921226320053,9,6,314,0.012115379992469585,8.362652463906244,0.9378135394712606,"{'colsample_bytree': np.float64(0.7580600944007257), 'gamma': np.float64(0.4633294328968971), 'learning_rate': np.float64(0.08834921226320053), 'max_depth': 9, 'min_child_weight': 6, 'n_estimators': 314, 'reg_alpha': np.float64(0.012115379992469585), 'reg_lambda': np.float64(8.362652463906244), 'subsample': np.float64(0.9378135394712606)}",0.3293172690763052,0.33472803347280333,0.376,0.3089430894308943,0.38095238095238093,0.3459881545864768,0.027929388085171484,6
2.2509491443634033,0.14238624896316818,0.05307011604309082,0.01877489357608274,0.8989280440549523,0.2698460661945399,0.05799370652786116,3,4,287,0.014817820606039088,0.19135880487692303,0.9208787923016158,"{'colsample_bytree': np.float64(0.8989280440549523), 'gamma': np.float64(0.2698460661945399), 'learning_rate': np.float64(0.05799370652786116), 'max_depth': 3, 'min_child_weight': 4, 'n_estimators': 287, 'reg_alpha': np.float64(0.014817820606039088), 'reg_lambda': np.float64(0.19135880487692303), 'subsample': np.float64(0.9208787923016158)}",0.31275720164609055,0.3277310924369748,0.37398373983739835,0.2857142857142857,0.3790322580645161,0.3358437155398531,0.035865507582731077,26
2.3566490650177,0.18139436936348544,0.06453175544738769,0.01949948422627012,0.6298202574719083,0.49344346830025865,0.10109125982108307,6,7,238,0.000624265905386057,2.646573170201433,0.9160702162124823,"{'colsample_bytree': np.float64(0.6298202574719083), 'gamma': np.float64(0.49344346830025865), 'learning_rate': np.float64(0.10109125982108307), 'max_depth': 6, 'min_child_weight': 7, 'n_estimators': 238, 'reg_alpha': np.float64(0.000624265905386057), 'reg_lambda': np.float64(2.646573170201433), 'subsample': np.float64(0.9160702162124823)}",0.321285140562249,0.3236514522821577,0.3790322580645161,0.3089430894308943,0.3952569169960474,0.34563377146717295,0.034641592951699475,7
3.1647217750549315,0.3138540559278021,0.07842636108398438,0.014425819032608348,0.8423839899124046,0.4631504392566745,0.07031868485129121,6,7,300,0.031130959561221232,0.458982418149565,0.6254233401144095,"{'colsample_bytree': np.float64(0.8423839899124046), 'gamma': np.float64(0.4631504392566745), 'learning_rate': np.float64(0.07031868485129121), 'max_depth': 6, 'min_child_weight': 7, 'n_estimators': 300, 'reg_alpha': np.float64(0.031130959561221232), 'reg_lambda': np.float64(0.458982418149565), 'subsample': np.float64(0.6254233401144095)}",0.328,0.3360655737704918,0.3888888888888889,0.29959514170040485,0.373015873015873,0.3451130954751317,0.032067069978615505,9
2.0493923664093017,0.1845442523530657,0.05046291351318359,0.012681781198567521,0.7243929286862649,0.16259166101337352,0.08896916672592671,10,6,134,0.007742116473996248,0.17345566642360938,0.885297914889198,"{'colsample_bytree': np.float64(0.7243929286862649), 'gamma': np.float64(0.16259166101337352), 'learning_rate': np.float64(0.08896916672592671), 'max_depth': 10, 'min_child_weight': 6, 'n_estimators': 134, 'reg_alpha': np.float64(0.007742116473996248), 'reg_lambda': np.float64(0.17345566642360938), 'subsample': np.float64(0.885297914889198)}",0.3157894736842105,0.34024896265560167,0.3724696356275304,0.3157894736842105,0.3745019920318725,0.3437599075366851,0.025870219635360004,14
6.007215881347657,0.3710296230285012,0.08308982849121094,0.0132133863030773,0.9043140194467589,0.2806385987847481,0.10070509112900147,9,3,492,0.06960678239135189,0.16664091501238187,0.7757346007463081,"{'colsample_bytree': np.float64(0.9043140194467589), 'gamma': np.float64(0.2806385987847481), 'learning_rate': np.float64(0.10070509112900147), 'max_depth': 9, 'min_child_weight': 3, 'n_estimators': 492, 'reg_alpha': np.float64(0.06960678239135189), 'reg_lambda': np.float64(0.16664091501238187), 'subsample': np.float64(0.7757346007463081)}",0.32941176470588235,0.3387096774193548,0.3816793893129771,0.3058823529411765,0.375,0.34613663687587815,0.02846636412542685,4
3.7218708038330077,0.4921184552867887,0.06793608665466308,0.007740458501172968,0.6806876809341584,0.4478817978367597,0.04154042346171991,7,4,321,0.0003608492588402669,1.617464503634303,0.8159364365206693,"{'colsample_bytree': np.float64(0.6806876809341584), 'gamma': np.float64(0.4478817978367597), 'learning_rate': np.float64(0.04154042346171991), 'max_depth': 7, 'min_child_weight': 4, 'n_estimators': 321, 'reg_alpha': np.float64(0.0003608492588402669), 'reg_lambda': np.float64(1.617464503634303), 'subsample': np.float64(0.8159364365206693)}",0.33064516129032256,0.33472803347280333,0.37751004016064255,0.30327868852459017,0.373015873015873,0.3438355592928463,0.0278828074742505,13
3.3151708126068113,0.18754911727720802,0.05993609428405762,0.007484974704748768,0.6812244898939077,0.4714267852789905,0.06013702440116319,5,6,383,0.5233480488540082,4.132765459466365,0.8533615026041694,"{'colsample_bytree': np.float64(0.6812244898939077), 'gamma': np.float64(0.4714267852789905), 'learning_rate': np.float64(0.06013702440116319), 'max_depth': 5, 'min_child_weight': 6, 'n_estimators': 383, 'reg_alpha': np.float64(0.5233480488540082), 'reg_lambda': np.float64(4.132765459466365), 'subsample': np.float64(0.8533615026041694)}",0.33064516129032256,0.33195020746887965,0.392,0.3076923076923077,0.3790322580645161,0.34826398690320526,0.03188149595379718,3
5.309223175048828,0.5654640593535923,0.14812989234924318,0.07919971197219143,0.9485842360750871,0.40183603844955723,0.01748772208717285,8,6,430,0.0019832619693868135,0.17545910486566182,0.7425191352307899,"{'colsample_bytree': np.float64(0.9485842360750871), 'gamma': np.float64(0.40183603844955723), 'learning_rate': np.float64(0.01748772208717285), 'max_depth': 8, 'min_child_weight': 6, 'n_estimators': 430, 'reg_alpha': np.float64(0.0019832619693868135), 'reg_lambda': np.float64(0.17545910486566182), 'subsample': np.float64(0.7425191352307899)}",0.3292181069958848,0.33613445378151263,0.3805668016194332,0.30578512396694213,0.3724696356275304,0.3448348243982606,0.027874412649890667,11
2.7511148929595945,0.3804718785727152,0.10033893585205078,0.04776270363083228,0.9627313766183017,0.13606612469231766,0.06960882048116401,3,4,332,0.0016562467254117358,0.21345764135358555,0.8136357677501768,"{'colsample_bytree': np.float64(0.9627313766183017), 'gamma': np.float64(0.13606612469231766), 'learning_rate': np.float64(0.06960882048116401), 'max_depth': 3, 'min_child_weight': 4, 'n_estimators': 332, 'reg_alpha': np.float64(0.0016562467254117358), 'reg_lambda': np.float64(0.21345764135358555), 'subsample': np.float64(0.8136357677501768)}",0.31275720164609055,0.3277310924369748,0.3790322580645161,0.2928870292887029,0.3805668016194332,0.3385948766111435,0.03541649013875101,22
6.5123718738555905,0.8119329389093884,0.08965435028076171,0.011243802841470809,0.7939319885435933,0.34621801644513517,0.022413698592405107,10,7,414,0.0019625093208439867,1.090388452320111,0.881207583558071,"{'colsample_bytree': np.float64(0.7939319885435933), 'gamma': np.float64(0.34621801644513517), 'learning_rate': np.float64(0.022413698592405107), 'max_depth': 10, 'min_child_weight': 7, 'n_estimators': 414, 'reg_alpha': np.float64(0.0019625093208439867), 'reg_lambda': np.float64(1.090388452320111), 'subsample': np.float64(0.881207583558071)}",0.34285714285714286,0.33472803347280333,0.3724696356275304,0.30327868852459017,0.3724696356275304,0.3451606272219194,0.025922213338352002,8
3.556968593597412,0.6232573144828971,0.05587186813354492,0.005863597489377266,0.7454518409517176,0.48589104136048034,0.17871985357940612,8,7,485,0.07064515131755321,0.197776123332861,0.9990961940195767,"{'colsample_bytree': np.float64(0.7454518409517176), 'gamma': np.float64(0.48589104136048034), 'learning_rate': np.float64(0.17871985357940612), 'max_depth': 8, 'min_child_weight': 7, 'n_estimators': 485, 'reg_alpha': np.float64(0.07064515131755321), 'reg_lambda': np.float64(0.197776123332861), 'subsample': np.float64(0.9990961940195767)}",0.3319838056680162,0.319672131147541,0.3828125,0.3020408163265306,0.38095238095238093,0.34349232681889375,0.032764026546431055,15
4.424551343917846,0.4631493330175025,0.07768268585205078,0.018453428751516614,0.706712405710114,0.48830747791632645,0.03425874770068862,9,5,323,0.4295992790539123,0.30138649046798016,0.6579579488364892,"{'colsample_bytree': np.float64(0.706712405710114), 'gamma': np.float64(0.48830747791632645), 'learning_rate': np.float64(0.03425874770068862), 'max_depth': 9, 'min_child_weight': 5, 'n_estimators': 323, 'reg_alpha': np.float64(0.4295992790539123), 'reg_lambda': np.float64(0.30138649046798016), 'subsample': np.float64(0.6579579488364892)}",0.33064516129032256,0.3277310924369748,0.36947791164658633,0.2975206611570248,0.36585365853658536,0.33824569701349877,0.026700203626708562,23
3.005889892578125,0.29941129987875087,0.07602591514587402,0.02128309935364112,0.7957811041110252,0.49282522705530035,0.02065005291441002,6,7,302,0.0030103557686746276,0.3050140722244877,0.9212559025519583,"{'colsample_bytree': np.float64(0.7957811041110252), 'gamma': np.float64(0.49282522705530035), 'learning_rate': np.float64(0.02065005291441002), 'max_depth': 6, 'min_child_weight': 7, 'n_estimators': 302, 'reg_alpha': np.float64(0.0030103557686746276), 'reg_lambda': np.float64(0.3050140722244877), 'subsample': np.float64(0.9212559025519583)}",0.3153526970954357,0.33613445378151263,0.36885245901639346,0.2857142857142857,0.3724696356275304,0.3357047062470316,0.03275321251572926,27
5.679336214065552,0.6696032164749721,0.172802734375,0.05255028994544044,0.7881202537784153,0.4917115704474215,0.03302802180351364,9,1,300,0.0019192001101561876,0.23606794572813067,0.6163100566219055,"{'colsample_bytree': np.float64(0.7881202537784153), 'gamma': np.float64(0.4917115704474215), 'learning_rate': np.float64(0.03302802180351364), 'max_depth': 9, 'min_child_weight': 1, 'n_estimators': 300, 'reg_alpha': np.float64(0.0019192001101561876), 'reg_lambda': np.float64(0.23606794572813067), 'subsample': np.float64(0.6163100566219055)}",0.31275720164609055,0.3206751054852321,0.3790322580645161,0.30962343096234307,0.3724696356275304,0.3389115263571424,0.0303652040655149,20
3.1580629348754883,0.6724988198702557,0.06839790344238281,0.023851214738893293,0.8363571772752967,0.3387821809211412,0.010509480845860123,5,7,246,0.0024812124357486915,0.15572312204961872,0.9762093057958416,"{'colsample_bytree': np.float64(0.8363571772752967), 'gamma': np.float64(0.3387821809211412), 'learning_rate': np.float64(0.010509480845860123), 'max_depth': 5, 'min_child_weight': 7, 'n_estimators': 246, 'reg_alpha': np.float64(0.0024812124357486915), 'reg_lambda': np.float64(0.15572312204961872), 'subsample': np.float64(0.9762093057958416)}",0.29914529914529914,0.3220338983050847,0.37037037037037035,0.2918454935622318,0.36885245901639346,0.3304495040798759,0.03349479902441211,29
3.595605182647705,1.0857459408957424,0.1488041877746582,0.1212701923206283,0.759028808435009,0.25887567526374006,0.12299458046517597,5,4,250,0.014648457497911018,2.463592076865263,0.6914200087189198,"{'colsample_bytree': np.float64(0.759028808435009), 'gamma': np.float64(0.25887567526374006), 'learning_rate': np.float64(0.12299458046517597), 'max_depth': 5, 'min_child_weight': 4, 'n_estimators': 250, 'reg_alpha': np.float64(0.014648457497911018), 'reg_lambda': np.float64(2.463592076865263), 'subsample': np.float64(0.6914200087189198)}",0.3187250996015936,0.3305785123966942,0.3875968992248062,0.3132530120481928,0.3709677419354839,0.3442242530413542,0.029637919858612256,12
5.224835681915283,2.1604098374890235,0.12094378471374512,0.12740624636315082,0.6699819708383744,0.4910841716647178,0.047006594771349115,3,2,484,0.00023572794556769836,6.229189113188561,0.9601672228653322,"{'colsample_bytree': np.float64(0.6699819708383744), 'gamma': np.float64(0.4910841716647178), 'learning_rate': np.float64(0.047006594771349115), 'max_depth': 3, 'min_child_weight': 2, 'n_estimators': 484, 'reg_alpha': np.float64(0.00023572794556769836), 'reg_lambda': np.float64(6.229189113188561), 'subsample': np.float64(0.9601672228653322)}",0.2987551867219917,0.3291139240506329,0.3673469387755102,0.29045643153526973,0.36585365853658536,0.33030522792399797,0.03231262954394857,30
5.477927780151367,0.4547513827795982,0.1176084041595459,0.09618030316027962,0.8532405829093072,0.16951489552435034,0.028466372714804025,10,3,251,0.004149851045848953,5.96403519324522,0.9403713795070051,"{'colsample_bytree': np.float64(0.8532405829093072), 'gamma': np.float64(0.16951489552435034), 'learning_rate': np.float64(0.028466372714804025), 'max_depth': 10, 'min_child_weight': 3, 'n_estimators': 251, 'reg_alpha': np.float64(0.004149851045848953), 'reg_lambda': np.float64(5.96403519324522), 'subsample': np.float64(0.9403713795070051)}",0.3140495867768595,0.3291139240506329,0.3855421686746988,0.301255230125523,0.3790322580645161,0.3417986335384461,0.034276868797586804,17
3.718897485733032,0.8842658376143646,0.04932665824890137,0.006617648603486561,0.9742539976883791,0.3926703255569718,0.07419485426720915,8,3,211,0.0002546162816127692,2.1232617602360486,0.6020246335384875,"{'colsample_bytree': np.float64(0.9742539976883791), 'gamma': np.float64(0.3926703255569718), 'learning_rate': np.float64(0.07419485426720915), 'max_depth': 8, 'min_child_weight': 3, 'n_estimators': 211, 'reg_alpha': np.float64(0.0002546162816127692), 'reg_lambda': np.float64(2.1232617602360486), 'subsample': np.float64(0.6020246335384875)}",0.32388663967611336,0.3153526970954357,0.373015873015873,0.3114754098360656,0.376,0.3399461239246975,0.02851952146604138,19
3.0242244243621825,0.1142339567492103,0.061507558822631835,0.007985020210910678,0.6643232205669994,0.27436689468329306,0.0794650948407619,10,5,268,0.0005054765477258723,0.10868027464047088,0.7975574860733738,"{'colsample_bytree': np.float64(0.6643232205669994), 'gamma': np.float64(0.27436689468329306), 'learning_rate': np.float64(0.0794650948407619), 'max_depth': 10, 'min_child_weight': 5, 'n_estimators': 268, 'reg_alpha': np.float64(0.0005054765477258723), 'reg_lambda': np.float64(0.10868027464047088), 'subsample': np.float64(0.7975574860733738)}",0.3225806451612903,0.32098765432098764,0.39080459770114945,0.308300395256917,0.38735177865612647,0.3460050142192942,0.03553242255373995,5
1.8875102519989013,0.10252712892103769,0.04259166717529297,0.003072359435664651,0.6715290836885315,0.18323439229142996,0.0929368979269672,5,1,227,0.01876006822030065,0.15393931002140857,0.7470863212237734,"{'colsample_bytree': np.float64(0.6715290836885315), 'gamma': np.float64(0.18323439229142996), 'learning_rate': np.float64(0.0929368979269672), 'max_depth': 5, 'min_child_weight': 1, 'n_estimators': 227, 'reg_alpha': np.float64(0.01876006822030065), 'reg_lambda': np.float64(0.15393931002140857), 'subsample': np.float64(0.7470863212237734)}",0.3170731707317073,0.32231404958677684,0.375,0.2975206611570248,0.3745019920318725,0.33728197470147625,0.03169030046371619,24
3.335030269622803,0.07136688215010478,0.051600170135498044,0.010410123180980582,0.7060809470726902,0.12199482168954179,0.184465824705519,7,3,363,0.033462201030483786,3.887072196612055,0.8010548372420768,"{'colsample_bytree': np.float64(0.7060809470726902), 'gamma': np.float64(0.12199482168954179), 'learning_rate': np.float64(0.184465824705519), 'max_depth': 7, 'min_child_weight': 3, 'n_estimators': 363, 'reg_alpha': np.float64(0.033462201030483786), 'reg_lambda': np.float64(3.887072196612055), 'subsample': np.float64(0.8010548372420768)}",0.3215686274509804,0.3293172690763052,0.3895131086142322,0.3524904214559387,0.3828125,0.3551403853194913,0.027379366701796477,1
